5,183464.png,"Aladdin 01",https://filmartgallery.com/products/aladdin-1
3,183465.png,"The Lion King 01",https://filmartgallery.com/products/the-lion-king
4,183466.png,"The Lion King 02",https://filmartgallery.com/products/the-lion-king-1
5,183467.png,"Winnie the Pooh and Tigger Too 01",https://filmartgallery.com/products/winnie-the-pooh-and-tigger-too
5,183468.png,"Tron 01",https://filmartgallery.com/products/tron-2
5,AGoofyMovie-poster.jpg, "A Goofy Movie", https://movies.disney.com/a-goofy-movie
4,2008_WallE-poster.jpg, "Wall-E 01",https://image.tmdb.org/t/p/original/hbhFnRzzg6ZDmm8YAmxBnQpQIPh.jpg
5,walle2.jpg,"Wall-E 02",https://image.tmdb.org/t/p/original/fLXLNDsOBZxpNleWF9Z4hubxBUQ.jpg
6,bbear.jpg,"Brother Bear",https://www.themoviedb.org/movie/10009-brother-bear
6,bbear2.jpg,"Brother Bear 2",https://www.themoviedb.org/movie/10010-brother-bear-2
4,oliver.jpg,"Oliver & Company",https://www.themoviedb.org/movie/12233-oliver-company
4,pocahontas.jpg,"Pocahontas",https://www.themoviedb.org/movie/10530-pocahontas